char,freq
学,3737
大,3458
人,2780
一,2433
子,2233
者,2213
物,2084
国,2040
会,2016
地,1877
生,1833
法,1799
性,1792
日,1747
本,1594
水,1593
行,1590
文,1568
中,1548
金,1513
動,1505
化,1505
理,1405
的,1391
体,1381
不,1369
業,1357
手,1354
事,1330
分,1329
合,1326
無,1278
気,1233
自,1227
家,1217
小,1198
機,1188
主,1172
用,1162
道,1159
力,1156
上,1128
書,1094
電,1079
出,1066
定,1065
所,1064
数,1057
間,1043
天,1041
語,1022
心,1019
外,1016
下,992
三,984
神,975
内,954
時,942
名,941
山,940
代,939
長,938
発,919
御,917
海,911
線,910
高,897
形,893
部,876
年,868
作,859
工,855
石,847
目,843
義,843
立,838
同,822
方,820
面,819
音,819
通,818
社,813
入,811
場,805
風,791
言,790
其,788
色,780
公,773
二,772
器,769
産,757
木,751
車,748
戦,745
経,745
白,733
女,731
食,729
相,718
度,717
字,716
論,713
前,711
制,709
口,709
実,706
民,705
記,694
流,690
保,685
新,684
信,678
花,673
屋,663
成,659
空,659
政,654
品,651
連,646
教,642
明,642
期,631
式,627
全,622
計,619
交,618
和,618
平,616
関,616
正,613
有,604
月,598
素,598
術,598
権,592
土,587
草,587
世,581
原,577
意,577
画,570
対,569
頭,568
重,565
料,564
火,560
表,552
光,547
引,543
科,542
此,531
管,531
状,529
症,528
多,527
先,526
変,526
馬,521
見,520
員,515
集,515
感,512
転,507
点,502
後,501
調,494
軍,494
能,493
薬,492
利,491
情,491
報,488
官,488
量,488
質,486
古,485
類,485
路,477
葉,475
然,472
回,470
運,470
真,468
別,466
反,466
号,461
知,461
楽,458
十,455
開,452
船,448
団,447
議,446
市,444
特,443
務,441
東,441
野,441
格,440
身,440
紙,439
角,439
直,438
安,437
現,436
足,435
半,434
資,430
共,428
位,427
血,427
伝,422
病,422
造,422
着,419
活,418
元,417
話,414
四,413
士,413
鳥,413
座,408
図,407
当,407
校,406
型,405
解,405
放,404
星,403
細,403
虫,402
取,401
帯,401
死,401
証,401
結,400
美,400
骨,399
波,397
付,396
加,396
門,396
番,394
置,393
界,392
送,390
等,389
害,388
落,388
命,387
熱,382
魚,382
商,381
検,381
治,381
装,381
精,380
兵,379
来,379
断,377
種,377
銀,377
非,377
球,376
協,373
味,373
医,372
説,372
価,371
台,371
米,371
鉄,371
単,370
圧,370
査,369
配,369
指,368
観,368
五,367
毛,367
接,366
率,366
進,366
予,363
太,363
夜,362
算,362
税,360
青,360
異,359
赤,357
酸,357
八,354
常,354
売,352
防,351
際,351
製,350
黒,350
師,347
応,347
院,347
再,346
室,346
総,344
切,343
茶,343
根,341
千,338
受,338
愛,338
護,338
射,337
過,335
要,333
那,333
節,330
肉,329
万,328
最,328
南,327
基,327
様,325
在,324
組,324
職,323
板,322
選,322
油,319
技,317
西,317
可,316
玉,316
問,311
洋,310
田,310
都,309
館,309
費,308
強,307
約,307
処,306
離,306
黄,306
構,305
雲,305
児,304
遊,304
悪,303
験,303
列,300
投,299
育,299
北,298
老,298
視,298
仏,297
系,296
王,294
剤,292
母,291
済,290
労,289
歌,288
試,288
局,287
役,287
次,287
百,287
酒,287
警,286
曲,283
眼,283
営,281
芸,281
備,279
準,278
養,278
声,277
派,276
研,276
識,276
雪,276
判,275
差,275
極,275
京,274
収,274
具,273
詞,273
印,272
族,272
両,271
雨,271
塩,270
皮,270
急,268
弁,267
歯,265
店,264
条,264
療,264
筋,264
設,264
独,263
環,263
象,263
参,262
決,262
統,262
武,260
温,260
初,258
支,258
止,257
演,257
炎,257
争,256
域,256
親,255
近,255
果,254
値,253
得,253
規,253
消,252
布,251
輪,251
農,251
男,249
戸,248
換,248
難,248
速,247
県,246
端,246
想,245
園,244
境,244
川,244
態,244
筆,244
告,243
林,242
補,242
標,241
限,241
仮,240
低,240
財,240
録,240
任,239
係,238
修,238
習,238
乳,237
焼,237
達,237
島,236
州,236
遺,236
円,235
植,235
英,235
隊,235
党,234
給,234
客,233
密,233
岩,232
徳,232
殺,232
容,231
便,230
助,230
居,230
満,230
短,230
示,230
超,230
陸,230
題,230
春,229
朝,229
版,229
障,229
向,228
未,228
菌,228
究,227
令,226
層,224
紅,224
乱,223
区,223
積,223
割,221
念,221
続,221
少,220
散,220
休,219
衣,219
末,218
航,218
険,218
飛,218
史,217
持,217
撃,217
留,217
仕,216
絶,216
聞,216
失,215
河,214
六,213
比,213
首,213
牛,212
破,212
第,212
宮,211
建,211
私,211
突,211
罪,211
羅,211
読,211
雑,211
住,210
領,210
勝,208
段,208
胞,208
写,207
織,206
裏,206
豆,206
香,206
整,205
福,205
舞,205
衛,205
談,205
好,204
浮,204
菜,204
霊,204
染,203
毒,203
宿,202
脳,202
像,201
使,200
材,200
策,200
群,200
婚,199
服,199
案,199
刀,198
属,198
広,198
打,197
炭,197
件,196
樹,195
歩,195
良,195
麻,195
漢,194
禁,194
貝,194
退,194
片,193
聖,193
夫,192
松,192
核,192
縁,192
遠,192
旧,191
糸,191
納,191
逆,191
帰,190
弾,190
革,190
羽,189
七,188
勢,188
苦,188
暗,187
盤,187
級,187
起,187
鏡,187
冷,186
復,186
粉,186
絵,186
裁,186
認,186
巻,185
府,185
横,185
液,185
終,185
脱,185
亜,184
周,184
宇,184
覚,184
減,183
網,183
辞,183
陰,183
如,182
祭,182
華,182
除,182
専,181
鉱,181
注,180
灯,180
導,179
張,179
微,179
犯,179
腹,179
膜,179
乗,178
券,178
源,178
清,177
為,177
略,177
竜,177
婦,176
巨,176
望,176
許,176
奇,175
株,175
蔵,175
露,175
丸,174
働,174
改,174
察,173
脈,173
側,172
移,172
典,171
固,171
監,171
輸,171
俗,170
磁,169
衆,169
深,168
軽,168
鼠,168
効,167
寒,167
優,166
己,166
照,166
背,166
袋,166
走,166
陽,166
偏,165
守,165
貨,165
影,164
秋,164
傷,163
席,163
抗,163
順,163
旅,162
氷,162
確,162
荷,162
鼻,162
句,161
委,161
宗,161
尾,161
礼,161
糖,161
追,161
飯,161
卵,160
被,160
額,160
及,159
煙,159
犬,159
皇,159
薄,159
階,159
宝,158
景,158
候,157
存,157
挙,157
由,157
冠,156
箱,156
聴,156
複,156
九,155
劇,155
双,155
唐,155
思,155
房,155
才,155
静,155
乾,154
余,154
吸,154
城,154
測,154
負,154
適,154
推,153
湯,153
砂,153
竹,153
耳,153
底,152
残,152
殿,152
爆,152
振,151
甲,151
縮,151
顔,151
司,150
堂,150
増,150
札,150
益,150
辺,150
暴,149
登,149
丁,148
以,148
抜,148
町,148
省,148
純,148
訳,148
供,147
混,147
免,146
刑,146
将,146
程,146
諸,146
他,145
早,145
脂,145
宅,144
歴,144
猿,144
完,143
床,143
徒,143
従,143
秘,143
詩,143
降,143
壁,142
易,142
燈,142
編,142
善,141
審,141
企,140
健,140
友,140
吹,140
左,140
廃,140
章,140
評,140
個,139
村,139
烏,139
臨,139
庫,137
弱,137
競,137
緑,137
越,137
鬼,137
魔,137
帳,136
符,136
震,136
髪,136
今,135
例,135
夏,135
沈,135
勤,134
称,134
脚,134
針,134
閉,134
刻,133
君,133
滅,133
債,132
儀,132
泥,132
項,132
因,131
庭,131
災,131
興,131
若,131
賞,131
索,130
舎,130
闘,129
宣,128
志,128
揚,128
棒,128
求,128
致,128
融,128
鹿,128
折,127
替,127
父,127
練,127
般,127
里,127
麦,127
井,126
右,126
庁,126
律,126
押,126
則,124
創,124
延,124
待,124
欠,124
痛,124
票,124
臣,124
訴,124
阿,124
儘,123
副,123
損,123
操,123
砲,123
維,123
包,122
掛,122
提,122
柄,122
栄,122
腸,122
貴,122
危,121
姫,121
戒,121
敵,121
施,121
獣,121
継,121
何,120
博,120
寄,120
幕,120
必,120
故,120
模,120
迷,120
映,119
蘭,119
軟,119
雀,119
鶏,119
冬,118
永,118
艦,118
介,117
僧,117
柱,117
橋,117
渡,117
紫,117
課,117
請,117
灰,116
考,116
講,116
販,116
寺,115
帝,115
斑,115
泉,115
潮,115
責,115
刺,114
尊,114
析,114
洗,114
簡,114
胸,114
始,113
排,113
穴,113
閑,113
鮮,113
卒,112
援,112
氏,112
綿,112
惑,111
担,111
攻,111
久,110
亡,110
剣,110
羊,110
願,110
快,109
敷,109
狂,109
申,109
盛,109
矢,109
銭,109
呼,108
嚢,108
宙,108
童,108
倒,107
息,107
探,107
診,107
避,107
壊,106
旗,106
盟,106
籍,106
紋,106
互,105
厚,105
奉,105
寝,105
干,105
摩,105
至,105
託,105
陀,105
伊,104
我,104
梅,104
棄,104
荒,104
郵,104
答,103
綱,103
衝,103
誌,103
豚,103
買,103
雄,103
飲,103
均,102
就,102
更,102
港,102
街,102
救,101
枯,101
津,101
猫,101
硬,101
肥,101
妖,100
孔,100
斯,100
閣,100
妻,99
展,99
悲,99
桜,99
欲,99
汁,99
粗,99
緊,99
虚,99
跡,99
陣,99
占,98
去,98
塵,98
奏,98
智,98
束,98
沢,98
訓,98
齢,98
与,97
並,97
序,97
激,97
舟,97
隠,97
停,96
拡,96
旋,96
祖,96
虎,96
餅,96
丹,95
岸,95
承,95
溶,95
漁,95
弟,94
往,94
普,94
耐,94
裂,94
雷,94
偶,93
吉,93
呂,93
墨,93
富,93
寿,93
拝,93
江,93
盗,93
粒,93
而,93
胡,93
腐,93
蛇,93
賃,93
返,93
坊,92
夢,92
欧,92
炉,92
胎,92
腫,92
軸,92
透,92
借,91
偽,91
圏,91
垂,91
尿,91
採,91
癌,91
舌,91
隔,91
兄,90
即,90
各,90
否,90
擬,90
敗,90
械,90
熊,90
範,90
距,90
鳴,90
翼,89
銃,89
鎖,89
仲,88
似,88
凡,88
夕,88
患,88
緩,88
縄,88
腕,88
臓,88
郎,88
駅,88
龍,88
威,87
封,87
愚,87
憲,87
浄,87
窓,87
臭,87
之,86
唱,86
寸,86
幅,86
怪,86
憶,86
燃,86
猴,86
珍,86
縦,86
肺,86
薩,86
踏,86
述,86
麗,86
坐,85
熟,85
築,85
腰,85
菊,85
菓,85
誤,85
剛,84
契,84
恋,84
慈,84
楊,84
甘,84
甚,84
疑,84
藍,84
藻,84
蟹,84
貸,84
釈,84
捨,83
歳,83
籠,83
衡,83
込,83
銅,83
頸,83
了,82
授,82
湿,82
紀,82
著,82
蜂,82
豪,82
途,82
邦,82
鍋,82
哀,81
尺,81
扇,81
浪,81
笑,81
糞,81
蓋,81
谷,81
亀,80
仁,80
夷,80
幽,80
捕,80
晶,80
添,80
繊,80
貧,80
鉛,80
駄,80
魂,80
伏,79
功,79
況,79
蝶,79
覧,79
辛,79
鼓,79
倍,78
却,78
岐,78
枝,78
没,78
漫,78
疫,78
眠,78
蝦,78
邪,78
鑑,78
頂,78
鯨,78
勇,77
恐,77
懐,77
献,77
蒸,77
触,77
賊,77
飾,77
厳,76
帽,76
於,76
獄,76
盲,76
磨,76
附,76
仙,75
幼,75
柳,75
桃,75
池,75
沙,75
珠,75
畜,75
疾,75
看,75
肌,75
鎮,75
阪,75
佐,74
刷,74
季,74
弓,74
潜,74
脊,74
腺,74
誘,74
貿,74
遅,74
哲,73
堅,73
塔,73
斜,73
殻,73
芽,73
蛮,73
討,73
迦,73
週,73
随,73
勘,72
奈,72
奴,72
尽,72
敬,72
暦,72
筒,72
箇,72
葬,72
豊,72
釣,72
鋼,72
響,72
鮫,72
依,71
幹,71
忠,71
曹,71
栗,71
渉,71
滑,71
瓜,71
芋,71
郷,71
執,70
央,70
婆,70
懸,70
択,70
湖,70
績,70
茸,70
該,70
載,70
霧,70
凍,69
抵,69
掻,69
枕,69
殖,69
瓦,69
謀,69
趣,69
還,69
酔,69
岡,68
康,68
恩,68
恵,68
既,68
昇,68
浜,68
湾,68
蜜,68
貫,68
違,68
酢,68
倉,67
屈,67
戯,67
晩,67
浴,67
濃,67
猛,67
蛛,67
賀,67
顧,67
吏,66
塗,66
妄,66
姿,66
拠,66
拳,66
浅,66
牌,66
蜘,66
須,66
駐,66
髄,66
鬱,66
且,65
併,65
卑,65
孤,65
徴,65
昼,65
棚,65
胆,65
謝,65
韓,65
鯛,65
充,64
刊,64
奥,64
彩,64
忍,64
斗,64
滞,64
痴,64
粘,64
遣,64
黙,64
償,63
噴,63
姉,63
媒,63
括,63
汚,63
漬,63
笛,63
胃,63
雇,63
侵,62
妹,62
掃,62
翅,62
肝,62
蓮,62
軌,62
乎,61
倫,61
兎,61
吐,61
噌,61
希,61
忌,61
慶,61
曳,61
杯,61
欄,61
殊,61
猟,61
琴,61
絡,61
苔,61
闇,61
伯,60
俳,60
囲,60
壮,60
巡,60
彦,60
慢,60
曾,60
架,60
狐,60
祝,60
貯,60
靴,60
喜,59
妙,59
娘,59
尻,59
毎,59
茎,59
銘,59
魯,59
卓,58
塊,58
奮,58
巾,58
恒,58
慮,58
沖,58
牧,58
玄,58
稲,58
腔,58
芝,58
覆,58
賤,58
騒,58
嫌,57
幻,57
煮,57
砕,57
締,57
縞,57
譲,57
迫,57
儒,56
含,56
廻,56
昧,56
森,56
瓶,56
硫,56
耕,56
藤,56
虐,56
螺,56
飼,56
騎,56
孫,55
払,55
抽,55
梨,55
燥,55
硝,55
稿,55
簿,55
蒲,55
賢,55
鐘,55
隣,55
雅,55
駆,55
幸,54
廷,54
怨,54
招,54
棋,54
泣,54
淡,54
淫,54
獅,54
笠,54
絹,54
襲,54
塞,53
妊,53
妓,53
姦,53
幾,53
弦,53
径,53
循,53
忘,53
暖,53
汗,53
洞,53
涙,53
燕,53
狗,53
禅,53
累,53
翻,53
耶,53
裸,53
也,52
催,52
傾,52
兼,52
劣,52
奔,52
巣,52
幣,52
弥,52
扶,52
撲,52
是,52
楼,52
歓,52
爪,52
督,52
粧,52
股,52
蓄,52
袖,52
需,52
韻,52
麺,52
丈,51
侍,51
傍,51
姓,51
履,51
崎,51
朱,51
狩,51
癖,51
蝋,51
詰,51
鉢,51
削,50
又,50
叉,50
彼,50
概,50
疎,50
皆,50
肩,50
肪,50
藩,50
逐,50
酵,50
預,50
顕,50
鳩,50
刃,49
剰,49
呑,49
尖,49
栓,49
泡,49
罰,49
蘇,49
蚕,49
譜,49
逃,49
錯,49
凝,48
凶,48
召,48
喪,48
屑,48
征,48
愁,48
抑,48
斎,48
杉,48
毘,48
泊,48
烈,48
狼,48
盆,48
祉,48
署,48
膚,48
蔓,48
侠,47
傘,47
冗,47
吟,47
喫,47
垣,47
壇,47
尼,47
携,47
撮,47
曜,47
柑,47
柔,47
泳,47
漂,47
牡,47
葡,47
衰,47
逸,47
壺,46
奸,46
慣,46
慰,46
挿,46
漿,46
痕,46
稽,46
穂,46
窟,46
窮,46
臥,46
蛙,46
蟻,46
抄,45
措,45
晴,45
漏,45
腎,45
菩,45
襟,45
註,45
零,45
乙,44
伽,44
倶,44
僚,44
塁,44
墓,44
崩,44
枠,44
梵,44
溝,44
牙,44
縣,44
胴,44
芳,44
莫,44
菱,44
賛,44
遇,44
遮,44
鈴,44
飽,44
鱗,44
鴨,44
丘,43
佳,43
到,43
勅,43
午,43
哥,43
唇,43
唯,43
寡,43
怖,43
拍,43
捜,43
掘,43
擦,43
斉,43
畳,43
蚊,43
褐,43
誉,43
諾,43
鎌,43
霜,43
伎,42
励,42
勧,42
叙,42
寛,42
寮,42
峰,42
巧,42
掌,42
描,42
旨,42
暇,42
槍,42
狭,42
睡,42
秀,42
紐,42
繁,42
脇,42
艇,42
蕎,42
訪,42
謹,42
蹄,42
醸,42
錐,42
陳,42
陶,42
仰,41
凹,41
培,41
帆,41
暮,41
桑,41
浸,41
涼,41
渦,41
濫,41
禽,41
紛,41
臘,41
葵,41
蠅,41
輔,41
遷,41
錦,41
閃,41
駒,41
鶴,41
叢,40
塚,40
寐,40
弧,40
昔,40
潤,40
皿,40
篇,40
膝,40
芥,40
蛾,40
輩,40
鋭,40
雌,40
騰,40
吾,39
啓,39
宴,39
届,39
徹,39
憂,39
揮,39
涯,39
濁,39
炊,39
眉,39
禍,39
穏,39
舗,39
葱,39
藁,39
蠟,39
詳,39
跳,39
雁,39
頑,39
冥,38
嘆,38
奪,38
巴,38
惨,38
批,38
昨,38
珪,38
礎,38
艶,38
葛,38
葦,38
蒼,38
訟,38
誕,38
購,38
遁,38
鈍,38
鍵,38
隷,38
鳳,38
仔,37
卸,37
困,37
垢,37
嫁,37
嬌,37
寂,37
尚,37
控,37
旦,37
暑,37
枚,37
栽,37
椎,37
爾,37
穀,37
粛,37
糧,37
蒙,37
蝕,37
貌,37
貞,37
這,37
酷,37
頼,37
伴,36
剌,36
募,36
叔,36
嘉,36
彫,36
摂,36
摘,36
杖,36
歎,36
汽,36
洲,36
濤,36
猪,36
苗,36
蝠,36
遍,36
雛,36
伸,35
兇,35
庶,35
弊,35
恨,35
昆,35
浦,35
爵,35
畑,35
矮,35
緒,35
縫,35
繍,35
蝙,35
蝿,35
賦,35
較,35
逢,35
埋,34
挽,34
撒,34
沼,34
璃,34
稼,34
箸,34
肢,34
臼,34
蜻,34
豹,34
軒,34
醤,34
鉤,34
乃,33
匠,33
嘴,33
國,33
岳,33
慾,33
摺,33
棲,33
汎,33
洒,33
猩,33
琉,33
瘡,33
盃,33
禄,33
穿,33
缶,33
萄,33
蛍,33
躍,33
辯,33
閲,33
頃,33
乏,32
剥,32
呪,32
壌,32
尋,32
扁,32
抱,32
搗,32
撞,32
敏,32
棟,32
汰,32
瀬,32
煎,32
牽,32
玩,32
矯,32
碧,32
繩,32
翁,32
衍,32
讃,32
贈,32
辻,32
迎,32
頓,32
髭,32
乞,31
勉,31
曼,31
桶,31
槽,31
渋,31
焚,31
爛,31
牢,31
獲,31
磯,31
窒,31
篭,31
蜀,31
輝,31
隅,31
驚,31
冊,30
哉,30
唄,30
嗜,30
囚,30
坑,30
壷,30
婢,30
懇,30
拙,30
敢,30
檣,30
欺,30
沃,30
滴,30
烟,30
焦,30
繰,30
聯,30
胚,30
茫,30
蛋,30
詠,30
釘,30
釜,30
鋳,30
伐,29
倭,29
偉,29
凸,29
厭,29
坂,29
堕,29
娼,29
嶺,29
彙,29
悔,29
搬,29
柏,29
桂,29
桐,29
漆,29
疹,29
瞬,29
碁,29
祇,29
祥,29
竿,29
笹,29
膳,29
葺,29
藪,29
蛉,29
趾,29
踊,29
醜,29
閥,29
阻,29
陋,29
陵,29
丼,28
亭,28
促,28
函,28
刈,28
勿,28
哨,28
喉,28
喚,28
喧,28
喰,28
噛,28
婉,28
宜,28
弔,28
戴,28
桁,28
梟,28
椒,28
檀,28
泌,28
燐,28
瑠,28
疋,28
痺,28
租,28
稀,28
窩,28
紡,28
紹,28
縛,28
苑,28
茅,28
荘,28
蕩,28
蕭,28
蛸,28
賓,28
赫,28
赭,28
蹈,28
辰,28
鋸,28
陥,28
陪,28
鞘,28
些,27
呉,27
咄,27
啼,27
妨,27
屠,27
崇,27
怒,27
惜,27
拘,27
播,27
椿,27
楓,27
泰,27
溜,27
漸,27
濡,27
瑞,27
秩,27
筑,27
簾,27
膨,27
萩,27
褒,27
邑,27
霰,27
頬,27
餌,27
串,26
剪,26
劫,26
勲,26
堤,26
塾,26
奨,26
孝,26
寧,26
廊,26
悟,26
憤,26
扉,26
拒,26
按,26
机,26
柿,26
欝,26
渾,26
疏,26
瘍,26
祈,26
羞,26
苛,26
蕃,26
薦,26
蝉,26
袴,26
誠,26
郡,26
醒,26
隙,26
頻,26
顛,26
飴,26
馴,26
鮨,26
鰻,26
麁,26
冒,25
厄,25
咽,25
嗣,25
娩,25
廉,25
弘,25
恥,25
悩,25
扱,25
披,25
拓,25
挺,25
掲,25
摸,25
撰,25
昭,25
朗,25
桟,25
梁,25
梯,25
椅,25
槌,25
潰,25
煉,25
爽,25
碑,25
箪,25
粋,25
糊,25
紗,25
絃,25
繋,25
薇,25
蜥,25
蜴,25
覇,25
訶,25
誦,25
辨,25
錬,25
闊,25
闕,25
鰯,25
鴉,25
鷹,25
冶,24
劃,24
匿,24
叛,24
呈,24
套,24
姑,24
扨,24
旁,24
椰,24
榴,24
橘,24
灌,24
燭,24
瘤,24
矛,24
窃,24
絨,24
緋,24
翌,24
膣,24
膿,24
蓬,24
薔,24
裡,24
詐,24
誓,24
諭,24
謡,24
貢,24
辱,24
逮,24
郊,24
鍛,24
鑿,24
頚,24
顎,24
鰭,24
鳶,24
鷺,24
鹸,24
什,23
侯,23
偵,23
傲,23
剖,23
厨,23
后,23
呆,23
堆,23
塑,23
娠,23
嫡,23
嬢,23
宵,23
屍,23
忰,23
懲,23
戻,23
搾,23
斐,23
昏,23
杜,23
栖,23
檜,23
渇,23
煩,23
猶,23
班,23
秤,23
緯,23
舵,23
薯,23
践,23
轄,23
郭,23
餐,23
剝,22
勃,22
吊,22
庵,22
悉,22
截,22
握,22
擲,22
斬,22
枢,22
棘,22
櫛,22
欣,22
汲,22
潔,22
濾,22
瀉,22
疣,22
痘,22
盾,22
禿,22
箋,22
粕,22
粥,22
聚,22
茄,22
荼,22
萎,22
蔭,22
薫,22
袁,22
訂,22
譚,22
賠,22
蹟,22
酪,22
錠,22
鷸,22
麟,22
于,21
佩,21
克,21
宛,21
嵐,21
憑,21
托,21
抹,21
拉,21
撤,21
旭,21
暁,21
曇,21
杏,21
杓,21
柴,21
槃,21
沿,21
淋,21
潟,21
焔,21
熔,21
猥,21
珊,21
疽,21
癒,21
癡,21
稚,21
糠,21
罵,21
翠,21
膏,21
膠,21
臍,21
苺,21
蕉,21
逓,21
邸,21
靄,21
鬚,21
鱈,21
鷲,21
享,20
佞,20
俯,20
俵,20
刹,20
勁,20
勾,20
填,20
墜,20
尉,20
屎,20
悦,20
慕,20
拾,20
撫,20
暫,20
曠,20
朴,20
朽,20
梗,20
毀,20
沫,20
洛,20
溢,20
澹,20
瓊,20
疵,20
籤,20
紳,20
紺,20
綴,20
繞,20
翰,20
耗,20
腿,20
舶,20
荊,20
蔽,20
虹,20
蠣,20
谿,20
躁,20
辣,20
迂,20
迅,20
酌,20
阜,20
隆,20
雉,20
鞍,20
餓,20
饅,20
駝,20
鬢,20
鰹,20
麝,20
俸,19
僕,19
兜,19
准,19
啄,19
喩,19
囘,19
坡,19
堀,19
堡,19
嶮,19
怠,19
憐,19
捷,19
桝,19
沸,19
洪,19
涅,19
渠,19
滋,19
濯,19
狸,19
瑣,19
磐,19
礬,19
篤,19
綬,19
綾,19
緬,19
肋,19
肛,19
脾,19
舷,19
諫,19
貪,19
輯,19
隻,19
顆,19
饌,19
鰓,19
佛,18
俊,18
倚,18
兆,18
刎,18
卿,18
咸,18
嘗,18
妃,18
婿,18
巫,18
恰,18
慎,18
慧,18
慨,18
挑,18
掩,18
曖,18
柚,18
桿,18
款,18
毬,18
溌,18
滓,18
漠,18
濶,18
爬,18
璽,18
瓢,18
窯,18
竺,18
綺,18
芬,18
范,18
藝,18
蛭,18
諦,18
諧,18
謬,18
采,18
鍼,18
霞,18
鞭,18
頌,18
飄,18
駕,18
髯,18
魅,18
黍,18
俚,17
俺,17
傑,17
億,17
匹,17
升,17
叩,17
唾,17
喇,17
嗅,17
嫉,17
孺,17
宋,17
寇,17
屯,17
崖,17
庸,17
廟,17
悍,17
揺,17
搭,17
某,17
樺,17
欽,17
毫,17
渓,17
游,17
湘,17
瀾,17
牝,17
疲,17
痙,17
癬,17
盧,17
砒,17
稜,17
箒,17
粟,17
緻,17
縷,17
耀,17
聾,17
菖,17
諷,17
迹,17
鄙,17
酬,17
鎗,17
鎧,17
閻,17
韋,17
頤,17
飜,17
鰐,17
鱒,17
麹,17
伺,16
偸,16
僻,16
冪,16
勒,16
匙,16
卜,16
只,16
咬,16
哺,16
唖,16
坪,16
墳,16
姻,16
學,16
寵,16
峡,16
峻,16
巒,16
帖,16
帛,16
廓,16
弄,16
徐,16
悠,16
惣,16
惰,16
憎,16
撥,16
斧,16
旬,16
李,16
樽,16
汐,16
沓,16
溺,16
炬,16
燵,16
牟,16
牲,16
畿,16
癇,16
皺,16
砥,16
祓,16
竈,16
粂,16
絞,16
綜,16
耆,16
肘,16
肴,16
腱,16
膵,16
薪,16
褥,16
詣,16
詭,16
輿,16
閨,16
髷,16
鴻,16
鵞,16
鸚,16
鹹,16
黴,16
乍,15
來,15
倹,15
傭,15
凄,15
凉,15
努,15
吻,15
喝,15
嘩,15
囃,15
妾,15
媚,15
孟,15
屏,15
已,15
悼,15
把,15
拐,15
搏,15
曽,15
椀,15
檎,15
殉,15
溟,15
滝,15
濠,15
焉,15
犀,15
琵,15
瑚,15
礁,15
礫,15
禹,15
禾,15
竪,15
笥,15
纂,15
纏,15
脅,15
臆,15
芯,15
茨,15
莢,15
萌,15
萱,15
董,15
蒐,15
蔑,15
蜱,15
觀,15
賜,15
賭,15
躬,15
躯,15
逝,15
遙,15
鉾,15
錫,15
鍾,15
飩,15
餡,15
骸,15
鵝,15
亢,14
偃,14
僅,14
僭,14
几,14
匪,14
卯,14
叫,14
哇,14
哈,14
哭,14
圃,14
埼,14
寓,14
巌,14
帥,14
幌,14
幡,14
弉,14
彌,14
彎,14
悶,14
戚,14
戟,14
拱,14
挫,14
掠,14
晦,14
曝,14
樂,14
櫨,14
歿,14
殆,14
浚,14
淮,14
溪,14
烹,14
犠,14
痒,14
痢,14
瞑,14
礙,14
祠,14
秒,14
穫,14
箔,14
繭,14
羯,14
脛,14
芒,14
莱,14
薮,14
藉,14
虱,14
蜚,14
蝗,14
衷,14
裾,14
襤,14
誇,14
諜,14
讐,14
贔,14
蹴,14
輻,14
遡,14
遭,14
邁,14
鋏,14
鍬,14
頽,14
駁,14
鯉,14
鯖,14
鶯,14
麩,14
鼬,14
仇,13
侮,13
兀,13
冤,13
剋,13
嗟,13
嘔,13
嘱,13
噺,13
坦,13
妥,13
嬰,13
宏,13
寥,13
庖,13
庚,13
弗,13
忙,13
愴,13
慌,13
懼,13
戎,13
拶,13
捻,13
擾,13
攘,13
斥,13
晨,13
棺,13
漉,13
灸,13
熨,13
燻,13
琶,13
畔,13
眷,13
瞞,13
瞰,13
瞼,13
矜,13
祷,13
穎,13
箆,13
糜,13
糟,13
肯,13
茲,13
菅,13
萬,13
蒔,13
蓼,13
蘆,13
蘿,13
虻,13
蛄,13
蟇,13
裙,13
諺,13
讒,13
贋,13
赦,13
迄,13
鉋,13
鋒,13
錨,13
阮,13
陛,13
雖,13
鞋,13
餠,13
饂,13
鮎,13
鮒,13
鮪,13
鮭,13
鴎,13
鸞,13
鹼,13
仄,12
兒,12
兮,12
凛,12
卦,12
叱,12
吃,12
嘯,12
堯,12
塀,12
塘,12
墻,12
壕,12
夾,12
奕,12
妍,12
娯,12
媽,12
孕,12
宰,12
庇,12
拭,12
掴,12
攣,12
攪,12
攫,12
斡,12
昌,12
朔,12
朦,12
杭,12
栃,12
桧,12
梧,12
楚,12
槓,12
橙,12
漕,12
煤,12
璧,12
畢,12
疱,12
痩,12
瞋,12
瞿,12
碍,12
磅,12
礦,12
禀,12
稟,12
筵,12
篆,12
羈,12
翫,12
耽,12
肆,12
腋,12
蕪,12
薊,12
蝸,12
褄,12
褻,12
諒,12
讚,12
貼,12
賈,12
跏,12
蹠,12
轟,12
遵,12
邇,12
醇,12
鈎,12
鋤,12
錆,12
錘,12
鑵,12
靡,12
頗,12
顱,12
飢,12
駱,12
魁,12
鯊,12
鯵,12
鰈,12
鶸,12
麭,12
丑,11
亥,11
佚,11
倖,11
凱,11
叡,11
咒,11
咳,11
啖,11
啞,11
喘,11
埃,11
夙,11
妬,11
姥,11
寨,11
崙,11
巳,11
廣,11
弼,11
徊,11
忽,11
恭,11
惶,11
慄,11
憩,11
憫,11
戊,11
挨,11
据,11
捲,11
旺,11
曰,11
枷,11
桓,11
梶,11
棹,11
椽,11
楕,11
楷,11
樋,11
樫,11
櫃,11
氈,11
氣,11
泄,11
涸,11
淑,11
淘,11
渺,11
澱,11
濛,11
瀑,11
灼,11
炒,11
牆,11
珈,11
甸,11
畏,11
畝,11
畸,11
疇,11
瞳,11
瞻,11
穢,11
窄,11
竄,11
笄,11
筥,11
緘,11
繻,11
翳,11
聊,11
芭,11
芹,11
葷,11
蔦,11
蘊,11
虜,11
螂,11
蟄,11
衒,11
衿,11
裳,11
褌,11
褸,11
訛,11
誅,11
誰,11
謄,11
謙,11
賄,11
贅,11
輓,11
辟,11
遂,11
鉈,11
鎔,11
閾,11
頁,11
顫,11
馭,11
鵜,11
麸,11
麼,11
鼎,11
齋,11
丙,10
云,10
倣,10
倦,10
僑,10
冉,10
匆,10
叭,10
呎,10
嗚,10
噸,10
囂,10
墾,10
姙,10
嫩,10
屁,10
屓,10
廼,10
弛,10
弩,10
恬,10
悄,10
悸,10
惚,10
愍,10
慚,10
拷,10
挟,10
捺,10
搔,10
摧,10
撓,10
旃,10
昂,10
晒,10
會,10
朧,10
杞,10
枳,10
柯,10
梢,10
梱,10
棠,10
楯,10
櫓,10
洩,10
浙,10
涜,10
澗,10
瀝,10
炸,10
爐,10
爺,10
瑜,10
甜,10
痰,10
癲,10
盞,10
硯,10
碗,10
磊,10
禰,10
竭,10
簀,10
簷,10
綽,10
緞,10
繕,10
罷,10
羲,10
聘,10
艱,10
芻,10
菲,10
蓐,10
蓑,10
蕗,10
蜆,10
蜒,10
螻,10
蠊,10
袢,10
裔,10
裟,10
襞,10
訊,10
誡,10
誼,10
謫,10
豁,10
貶,10
躅,10
躑,10
轢,10
遥,10
釉,10
鈔,10
銷,10
錢,10
鑽,10
雍,10
雕,10
霽,10
顚,10
魏,10
黎,10
亦,9
亮,9
伍,9
佗,9
侶,9
俄,9
俥,9
俱,9
凋,9
凌,9
凰,9
呵,9
咀,9
咫,9
嚇,9
嚼,9
圭,9
埓,9
塡,9
壬,9
夭,9
奄,9
奚,9
奠,9
奢,9
姜,9
媛,9
孵,9
將,9
峭,9
嶼,9
帷,9
幇,9
庄,9
徽,9
忿,9
恢,9
恣,9
悧,9
愧,9
戮,9
捉,9
擁,9
敦,9
斤,9
旱,9
晏,9
朶,9
枉,9
柘,9
梭,9
棊,9
棕,9
楔,9
榻,9
槙,9
欒,9
歪,9
沛,9
浣,9
涕,9
滄,9
滲,9
漾,9
潅,9
澄,9
炳,9
焙,9
狡,9
瑕,9
瑩,9
瓣,9
當,9
瘻,9
皓,9
盂,9
盪,9
眩,9
矩,9
硼,9
祗,9
祿,9
稈,9
穹,9
竃,9
竣,9
笊,9
筈,9
簇,9
籃,9
綸,9
缺,9
罹,9
肚,9
胱,9
脹,9
膀,9
艪,9
苞,9
苧,9
茱,9
荏,9
荵,9
蒋,9
蒟,9
蒻,9
蔡,9
蕨,9
藷,9
蟲,9
蠱,9
裕,9
襴,9
覗,9
訣,9
訥,9
詔,9
誣,9
誹,9
諌,9
諛,9
證,9
賎,9
贖,9
轍,9
邱,9
酉,9
陬,9
雙,9
鞄,9
韮,9
頷,9
饒,9
馮,9
馳,9
鯰,9
鱏,9
鱝,9
鴫,9
鶉,9
麒,9
麓,9
鼈,9
鼯,9
俠,8
倡,8
傀,8
僉,8
儲,8
冀,8
凜,8
凧,8
剃,8
劒,8
卅,8
叟,8
吶,8
唆,8
嘘,8
噪,8
噫,8
壑,8
娑,8
婁,8
嫋,8
嬉,8
嬪,8
嬬,8
宸,8
寃,8
寅,8
尤,8
尸,8
峠,8
峨,8
嵩,8
嶽,8
巷,8
廬,8
彭,8
彰,8
怙,8
怡,8
恕,8
恚,8
慙,8
戌,8
拮,8
捧,8
揆,8
撹,8
擅,8
斂,8
暈,8
暢,8
曙,8
曩,8
朋,8
枇,8
枡,8
枸,8
棍,8
椋,8
槇,8
檐,8
歇,8
殼,8
汝,8
淆,8
淵,8
滸,8
潭,8
灑,8
烙,8
煖,8
熙,8
燼,8
牒,8
犢,8
猾,8
獨,8
獺,8
玻,8
甥,8
痔,8
癆,8
癈,8
癩,8
睾,8
硅,8
碼,8
祐,8
禱,8
稠,8
窪,8
筍,8
筮,8
簞,8
糾,8
絆,8
繹,8
罔,8
羸,8
羹,8
翔,8
茂,8
茗,8
茘,8
茹,8
荻,8
菫,8
萸,8
蒡,8
蓙,8
蕷,8
蚓,8
蚯,8
蝨,8
蟒,8
衫,8
褪,8
襦,8
觴,8
詮,8
謁,8
謨,8
貂,8
赧,8
赴,8
趺,8
跋,8
跨,8
踪,8
蹂,8
遜,8
酎,8
鉗,8
銑,8
鋪,8
鍔,8
鐸,8
鑢,8
闍,8
關,8
隈,8
隨,8
隴,8
雹,8
霄,8
霖,8
靭,8
靱,8
鞣,8
頒,8
顋,8
餉,8
駭,8
駿,8
驀,8
驕,8
鬘,8
鬟,8
鮟,8
鯥,8
鰌,8
鰺,8
鵑,8
鵡,8
鵬,8
鶲,8
鸛,8
黐,8
黯,8
个,7
估,7
侫,7
俣,7
僣,7
儕,7
儡,7
兪,7
凪,7
刪,7
剽,7
匍,7
厘,7
吠,7
咋,7
咲,7
嘖,7
嘲,7
嚮,7
址,7
埴,7
堪,7
堰,7
壱,7
妣,7
姚,7
姪,7
娜,7
娥,7
孑,7
幟,7
廚,7
彗,7
怯,7
恤,7
悽,7
惟,7
愉,7
懺,7
戍,7
扈,7
抛,7
捌,7
揉,7
擂,7
攷,7
杪,7
杵,7
柬,7
梓,7
梳,7
棉,7
棧,7
楠,7
榜,7
樟,7
樸,7
橈,7
殷,7
氛,7
泛,7
涎,7
涛,7
湧,7
溯,7
煌,7
熾,7
燎,7
燗,7
燦,7
狄,7
狎,7
瑟,7
甕,7
疆,7
疼,7
痳,7
瘴,7
發,7
睛,7
睦,7
睨,7
睫,7
瞭,7
祀,7
秧,7
窘,7
窺,7
站,7
竟,7
箏,7
箭,7
篩,7
籌,7
籟,7
籬,7
紬,7
絣,7
縹,7
罐,7
罫,7
羚,7
翡,7
耘,7
胝,7
脆,7
膩,7
舍,7
芦,7
茣,7
莽,7
菟,7
菴,7
葭,7
蓉,7
蓊,7
蔔,7
薑,7
薙,7
薛,7
藺,7
蘚,7
虞,7
蚤,7
蛤,7
蜃,7
蜿,7
螟,7
螢,7
蠍,7
衙,7
袈,7
袱,7
褶,7
諤,7
諮,7
謎,7
謗,7
讎,7
豌,7
跪,7
輛,7
轆,7
逼,7
遽,7
酥,7
鈷,7
鍮,7
鎚,7
鏃,7
鑞,7
閭,7
隕,7
隼,7
霍,7
霓,7
鞏,7
鞴,7
饉,7
駈,7
體,7
鱇,7
黠,7
么,6
仍,6
仗,6
佑,6
俎,6
倩,6
偕,6
允,6
冑,6
冰,6
剔,6
劈,6
匐,6
匕,6
匣,6
卉,6
卍,6
吝,6
咏,6
啻,6
喀,6
喃,6
喞,6
囊,6
圜,6
埒,6
塋,6
奘,6
姐,6
娟,6
媾,6
宥,6
宦,6
寶,6
岑,6
嵌,6
帚,6
并,6
廏,6
廖,6
廠,6
弐,6
弭,6
弯,6
彷,6
怎,6
怛,6
怱,6
恠,6
悵,6
惻,6
慳,6
憺,6
扼,6
抔,6
掏,6
插,6
揶,6
搦,6
敲,6
昵,6
晋,6
杆,6
杳,6
杷,6
枘,6
梃,6
榛,6
樓,6
櫚,6
權,6
毅,6
汀,6
沁,6
沮,6
涌,6
涵,6
渟,6
湍,6
漑,6
澆,6
澤,6
濂,6
瀛,6
瀟,6
瀰,6
炮,6
炯,6
烱,6
煦,6
煽,6
燿,6
爰,6
猜,6
猷,6
玲,6
琅,6
琢,6
琲,6
瑪,6
瓩,6
瓮,6
疳,6
瘢,6
癢,6
癸,6
皐,6
盈,6
眄,6
碩,6
磔,6
磚,6
祚,6
禪,6
窈,6
竦,6
筏,6
篋,6
篠,6
篦,6
籐,6
紆,6
絢,6
絲,6
絳,6
綉,6
縅,6
繖,6
繡,6
罌,6
羃,6
羨,6
翹,6
耿,6
肖,6
胤,6
腑,6
腓,6
臀,6
臈,6
臚,6
舁,6
舒,6
舫,6
艙,6
艷,6
莎,6
菰,6
葩,6
蒜,6
蓆,6
蕈,6
蘋,6
處,6
蜉,6
蜷,6
蝣,6
蟷,6
蠢,6
衢,6
袂,6
褓,6
覿,6
誨,6
諳,6
謔,6
譎,6
譫,6
賣,6
賽,6
趨,6
跣,6
蹊,6
蹤,6
蹶,6
輦,6
輾,6
迭,6
郁,6
鄰,6
釐,6
鈿,6
鉅,6
鉉,6
銛,6
銜,6
銹,6
鋲,6
鎬,6
鑒,6
閼,6
韜,6
韵,6
颯,6
驍,6
鰤,6
鰥,6
鱚,6
鱮,6
鱶,6
鵟,6
鹵,6
麿,6
黝,6
齣,6
乖,5
仆,5
但,5
俘,5
偈,5
偖,5
做,5
傳,5
僂,5
兌,5
冦,5
冽,5
刳,5
匂,5
匈,5
咤,5
啾,5
喊,5
喋,5
喙,5
嗔,5
嗹,5
嗽,5
噬,5
嚥,5
坤,5
坩,5
埜,5
堵,5
塲,5
塹,5
墟,5
奎,5
嫖,5
宕,5
屹,5
岱,5
崗,5
嶄,5
帑,5
廈,5
廐,5
恙,5
恟,5
悒,5
悖,5
悚,5
惧,5
惹,5
愕,5
慟,5
憊,5
憾,5
懶,5
戈,5
扣,5
拇,5
拌,5
挌,5
捩,5
掉,5
揃,5
撚,5
攀,5
攬,5
數,5
斃,5
斛,5
旆,5
旛,5
暉,5
杲,5
柊,5
柵,5
桔,5
條,5
楞,5
楢,5
榑,5
榧,5
榮,5
歟,5
汞,5
沐,5
沽,5
泝,5
洟,5
浩,5
淺,5
渫,5
渭,5
漓,5
漱,5
潺,5
澁,5
澎,5
瀆,5
牀,5
牘,5
狷,5
珂,5
瑶,5
甫,5
畠,5
疝,5
痍,5
癪,5
癭,5
皚,5
盥,5
眞,5
眸,5
瞠,5
瞽,5
矣,5
礪,5
秉,5
秣,5
稔,5
稗,5
稻,5
穉,5
筌,5
筐,5
筝,5
筺,5
箕,5
簒,5
籔,5
粱,5
糴,5
糺,5
紊,5
絮,5
絽,5
綏,5
綵,5
綻,5
緡,5
縉,5
縊,5
纒,5
罕,5
羣,5
肱,5
胥,5
脉,5
膊,5
膺,5
膾,5
臂,5
臺,5
舅,5
艫,5
艾,5
芙,5
苓,5
蔗,5
蔚,5
蕁,5
蕊,5
薜,5
藐,5
藹,5
蚣,5
蜓,5
蝮,5
螽,5
蟀,5
蟋,5
蟠,5
蠕,5
衲,5
衾,5
袍,5
袞,5
襖,5
覊,5
詢,5
諂,5
謂,5
讀,5
豎,5
豕,5
貰,5
跛,5
跟,5
跫,5
蹌,5
蹙,5
躙,5
軫,5
軻,5
輳,5
轎,5
轡,5
逍,5
遼,5
鄒,5
鄭,5
鋩,5
錮,5
錺,5
鏑,5
鏗,5
鏘,5
鏝,5
鏤,5
鐙,5
鐚,5
鑚,5
鑠,5
閏,5
閤,5
閹,5
闔,5
闢,5
隍,5
隘,5
鞠,5
颪,5
餃,5
饑,5
饗,5
馗,5
駑,5
駢,5
騙,5
騨,5
驩,5
髻,5
魄,5
魳,5
鯱,5
鴟,5
鴦,5
鴾,5
鶻,5
麪,5
麽,5
黜,5
丿,4
亨,4
仞,4
伶,4
佯,4
佻,4
倆,4
倨,4
倪,4
儺,4
冕,4
冢,4
冲,4
凾,4
刄,4
劍,4
勦,4
勳,4
厥,4
厩,4
吽,4
呶,4
呻,4
咆,4
啣,4
嘛,4
噂,4
囮,4
坎,4
埔,4
壤,4
妝,4
姨,4
婬,4
嬋,4
孜,4
宍,4
寞,4
尨,4
岨,4
峯,4
崕,4
崛,4
嵯,4
巉,4
巍,4
巓,4
幄,4
幢,4
弋,4
彬,4
忸,4
恃,4
恍,4
恪,4
惇,4
惘,4
慇,4
憔,4
憚,4
憧,4
懃,4
應,4
懊,4
懣,4
懽,4
懿,4
戔,4
或,4
戞,4
戲,4
抒,4
拿,4
挾,4
捏,4
捐,4
捗,4
捫,4
掣,4
揖,4
擱,4
旌,4
旒,4
晃,4
晰,4
暹,4
杢,4
柩,4
栩,4
框,4
梔,4
椏,4
椙,4
楡,4
楳,4
榎,4
槿,4
樅,4
樊,4
橄,4
橇,4
橡,4
檬,4
檳,4
檸,4
檻,4
櫞,4
櫻,4
歔,4
殯,4
毯,4
汪,4
泗,4
洶,4
淪,4
淳,4
渙,4
渣,4
渥,4
溷,4
漣,4
炙,4
煕,4
煥,4
熏,4
爨,4
爻,4
狒,4
狙,4
玖,4
珀,4
琥,4
琳,4
瑯,4
瑳,4
瓔,4
甌,4
畫,4
痲,4
痾,4
癘,4
皎,4
盒,4
眇,4
眈,4
砦,4
砧,4
碇,4
碌,4
碓,4
碣,4
碾,4
磋,4
祁,4
禦,4
簪,4
籾,4
粤,4
粮,4
粲,4
糯,4
糲,4
糶,4
紮,4
絅,4
經,4
纓,4
罎,4
罨,4
羇,4
羮,4
翩,4
耻,4
聨,4
胼,4
腟,4
腮,4
臙,4
舘,4
舳,4
艸,4
苣,4
苫,4
茴,4
莧,4
莪,4
莵,4
萍,4
萠,4
萵,4
葎,4
蒭,4
蒿,4
薨,4
藏,4
蘗,4
虔,4
蜈,4
蜊,4
蝎,4
螳,4
蟬,4
蟾,4
蠃,4
蠏,4
蠖,4
蠧,4
裲,4
褊,4
覩,4
覯,4
諄,4
諍,4
諱,4
譏,4
譬,4
豫,4
貽,4
踞,4
踰,4
躪,4
躾,4
軀,4
輌,4
轤,4
逕,4
逡,4
遏,4
遐,4
遯,4
邃,4
酊,4
醂,4
醋,4
醫,4
釁,4
鈑,4
鉦,4
銕,4
錄,4
錚,4
鍍,4
鐵,4
鑼,4
閔,4
闌,4
闡,4
陞,4
靉,4
靫,4
鞅,4
鞆,4
韶,4
頡,4
頰,4
餘,4
餮,4
饕,4
馨,4
驢,4
鬆,4
鬪,4
鮓,4
鮴,4
鰊,4
鰱,4
鱛,4
鱠,4
鴒,4
鴬,4
鵠,4
鶇,4
鶺,4
鷂,4
鷄,4
麾,4
黌,4
默,4
黛,4
黽,4
鼾,4
齟,4
齧,4
龕,4
々,3
丕,3
丞,3
丶,3
乄,3
亳,3
佇,3
佼,3
侃,3
侈,3
傅,3
僥,3
僮,3
僵,3
儷,3
儻,3
儼,3
兢,3
决,3
刮,3
剿,3
劾,3
匁,3
區,3
參,3
叮,3
叺,3
吞,3
吩,3
吼,3
哄,3
喨,3
喬,3
單,3
嗇,3
囈,3
圉,3
圖,3
圳,3
埠,3
埵,3
墺,3
壅,3
壜,3
壻,3
壽,3
奐,3
奧,3
奩,3
姆,3
娃,3
婀,3
媼,3
嫣,3
孩,3
寤,3
寫,3
岬,3
峩,3
嶂,3
巵,3
幺,3
廨,3
廩,3
廿,3
弃,3
彊,3
彝,3
徂,3
徃,3
徘,3
從,3
徨,3
怏,3
怕,3
怜,3
怩,3
恫,3
悃,3
悋,3
悌,3
悴,3
惆,3
愈,3
慷,3
懦,3
戛,3
抉,3
拆,3
拗,3
拵,3
挂,3
挵,3
掖,3
揄,3
揣,3
摯,3
撈,3
撼,3
擢,3
擺,3
敝,3
旄,3
无,3
昴,3
晧,3
杙,3
杣,3
柝,3
栂,3
桀,3
桎,3
桴,3
梏,3
梠,3
棗,3
楫,3
楮,3
楸,3
榔,3
樗,3
樣,3
橅,3
橿,3
檗,3
櫂,3
欅,3
欏,3
欖,3
氾,3
汨,3
汾,3
沌,3
沱,3
沾,3
洸,3
淙,3
淤,3
湃,3
溂,3
溥,3
滂,3
滬,3
潑,3
潴,3
濘,3
瀦,3
烽,3
焜,3
燔,3
燧,3
爲,3
犁,3
狠,3
狽,3
獪,3
獰,3
獸,3
珞,3
瑙,3
瑾,3
甞,3
畦,3
疸,3
痂,3
痣,3
皀,3
皰,3
盡,3
眥,3
睿,3
瞎,3
瞥,3
矚,3
禊,3
禮,3
秦,3
穆,3
穽,3
窕,3
竇,3
竊,3
笈,3
笋,3
筅,3
筬,3
箚,3
箝,3
箴,3
篏,3
篶,3
篷,3
簔,3
籀,3
籙,3
籹,3
粔,3
糅,3
糝,3
紘,3
絎,3
綟,3
綠,3
綯,3
綰,3
縒,3
縟,3
縲,3
總,3
繃,3
繙,3
繚,3
繼,3
纈,3
纔,3
纛,3
罅,3
羶,3
耒,3
聟,3
聡,3
聲,3
聳,3
肇,3
肭,3
胯,3
脣,3
膃,3
膈,3
臑,3
艮,3
芫,3
苟,3
茉,3
茜,3
茯,3
荀,3
荅,3
荳,3
莉,3
菀,3
菁,3
菠,3
萃,3
萋,3
葮,3
葯,3
蒄,3
蓖,3
蓴,3
蔀,3
蔬,3
蔲,3
蕾,3
薀,3
薈,3
薤,3
薺,3
藜,3
虧,3
蚪,3
蚰,3
蛆,3
蛑,3
蛟,3
蛹,3
蛺,3
蜾,3
蝌,3
蝟,3
蝤,3
蝲,3
螭,3
蟆,3
蟯,3
蠎,3
蠡,3
袒,3
袗,3
袷,3
裘,3
裨,3
裴,3
褂,3
襁,3
覡,3
覲,3
訃,3
詈,3
詛,3
誄,3
諚,3
譟,3
變,3
讓,3
讖,3
豈,3
豐,3
豬,3
豺,3
賁,3
賂,3
賑,3
贄,3
贏,3
跌,3
跚,3
踵,3
蹉,3
蹣,3
蹲,3
躇,3
躊,3
躰,3
輜,3
轉,3
辦,3
辮,3
迺,3
逗,3
逶,3
遶,3
邊,3
邏,3
邵,3
酛,3
酩,3
醬,3
醺,3
釆,3
釧,3
釵,3
鈞,3
銚,3
鎰,3
鏨,3
閇,3
閘,3
閦,3
闃,3
闖,3
闥,3
陲,3
隋,3
隗,3
雰,3
霏,3
霹,3
靖,3
靜,3
餾,3
饋,3
駘,3
駛,3
騏,3
騾,3
驟,3
驥,3
髀,3
髞,3
鬧,3
魎,3
魑,3
魣,3
魴,3
鮃,3
鮑,3
鯒,3
鯤,3
鰆,3
鰉,3
鰧,3
鱓,3
鳧,3
鴇,3
鴛,3
鴣,3
鵄,3
鵯,3
鵲,3
鶫,3
鷓,3
鷗,3
鷙,3
鹽,3
麥,3
黔,3
點,3
黶,3
鼇,3
鼡,3
齡,3
齬,3
齲,3
乘,2
亘,2
亙,2
伉,2
佝,2
佶,2
侭,2
俟,2
倏,2
們,2
倔,2
倻,2
假,2
僊,2
僞,2
儁,2
儂,2
儔,2
册,2
冏,2
冨,2
冴,2
勺,2
匡,2
卞,2
卷,2
厮,2
厲,2
呦,2
呱,2
咖,2
咜,2
咥,2
咨,2
唸,2
啐,2
嗤,2
嗷,2
嗾,2
嘶,2
嘻,2
噁,2
噐,2
噯,2
嚏,2
囑,2
囹,2
囿,2
圄,2
堊,2
堙,2
堝,2
堺,2
壟,2
夔,2
妁,2
妲,2
嬖,2
孁,2
孰,2
孱,2
孳,2
實,2
寰,2
專,2
尭,2
屛,2
屡,2
屬,2
岌,2
岷,2
峙,2
嵬,2
嶋,2
幔,2
庠,2
弑,2
弖,2
彳,2
彿,2
很,2
徙,2
徭,2
德,2
忻,2
恁,2
恆,2
悛,2
惓,2
惡,2
惱,2
惷,2
惸,2
愾,2
慫,2
慵,2
憬,2
懈,2
懾,2
戰,2
扛,2
扞,2
扠,2
扮,2
拈,2
拏,2
拼,2
挈,2
挍,2
搨,2
摶,2
撩,2
撻,2
擒,2
擘,2
據,2
擡,2
擣,2
擯,2
攅,2
攴,2
攵,2
效,2
敖,2
斟,2
斷,2
晉,2
暸,2
曚,2
朮,2
杮,2
枋,2
栴,2
桛,2
梛,2
梣,2
棣,2
椈,2
椴,2
楝,2
榊,2
榕,2
榠,2
槁,2
槎,2
槐,2
槧,2
槨,2
槭,2
槻,2
樒,2
樝,2
樵,2
檄,2
檠,2
檢,2
欷,2
殃,2
殲,2
殴,2
氓,2
氳,2
沂,2
沒,2
沪,2
泯,2
洌,2
洽,2
涔,2
淀,2
淅,2
淬,2
淹,2
渚,2
渝,2
湛,2
溘,2
溲,2
溽,2
滔,2
滕,2
滷,2
滾,2
滿,2
漲,2
潁,2
澡,2
澳,2
瀋,2
瀕,2
瀘,2
灣,2
焮,2
焰,2
煢,2
熄,2
熈,2
熒,2
熕,2
熹,2
燠,2
爼,2
牴,2
牾,2
犇,2
狃,2
狛,2
狢,2
狹,2
猊,2
猖,2
玢,2
珥,2
珮,2
琺,2
瑁,2
瑛,2
瑤,2
瑰,2
璞,2
璫,2
瓏,2
瓠,2
瓫,2
瓲,2
瓷,2
甄,2
疥,2
痀,2
痤,2
瘋,2
瘟,2
癜,2
癧,2
癰,2
皁,2
皙,2
盜,2
盻,2
眛,2
眤,2
眺,2
睚,2
睥,2
睺,2
瞹,2
矍,2
砺,2
硨,2
碎,2
磲,2
磽,2
禎,2
禧,2
稍,2
稭,2
稱,2
稷,2
穐,2
穗,2
穣,2
窠,2
竅,2
笏,2
笙,2
笨,2
箍,2
箶,2
篁,2
篝,2
簑,2
簓,2
簫,2
粃,2
粳,2
糂,2
紂,2
絏,2
絛,2
綢,2
綫,2
緇,2
緝,2
縻,2
繆,2
繝,2
纜,2
罠,2
罩,2
羂,2
羆,2
羔,2
耄,2
耨,2
聶,2
聿,2
胄,2
胛,2
脩,2
脯,2
腦,2
膂,2
膻,2
臉,2
臟,2
臠,2
臧,2
舊,2
舐,2
芍,2
苅,2
苜,2
苡,2
苴,2
苻,2
苾,2
莖,2
莞,2
莠,2
萇,2
葆,2
葢,2
葫,2
蒴,2
蓍,2
蔘,2
蕋,2
薐,2
薹,2
藿,2
蘂,2
蘖,2
蘞,2
虬,2
虯,2
蚩,2
蚶,2
蛎,2
蛞,2
蛩,2
蜑,2
蜩,2
蝓,2
蟖,2
蠑,2
蠔,2
蠹,2
衄,2
衵,2
袤,2
袿,2
裹,2
褞,2
襄,2
襍,2
襠,2
襯,2
襷,2
覈,2
覓,2
觝,2
訌,2
訝,2
詁,2
詑,2
詫,2
詬,2
詼,2
誑,2
諠,2
諡,2
謳,2
譴,2
譽,2
豇,2
豉,2
豸,2
貅,2
貔,2
賍,2
賚,2
贓,2
趁,2
跖,2
踉,2
踴,2
蹇,2
躄,2
躋,2
躓,2
躡,2
轗,2
辜,2
辭,2
迚,2
迪,2
逅,2
逾,2
遑,2
遒,2
邀,2
邂,2
邨,2
邯,2
鄂,2
鄲,2
酋,2
酣,2
醉,2
醍,2
醐,2
醗,2
醴,2
醵,2
釋,2
釦,2
釼,2
鉞,2
銓,2
銖,2
錙,2
錣,2
錻,2
鍜,2
鏖,2
鐃,2
鐡,2
鐶,2
鑰,2
閩,2
陝,2
陟,2
隧,2
隱,2
雋,2
雎,2
雫,2
霆,2
霑,2
靂,2
靆,2
靹,2
鞜,2
鞦,2
鞨,2
鞫,2
頴,2
顯,2
顰,2
颱,2
颶,2
飆,2
飭,2
餒,2
餞,2
餽,2
馥,2
駸,2
騅,2
驂,2
驛,2
驪,2
髏,2
髑,2
髓,2
髣,2
髴,2
鬣,2
魃,2
魍,2
魘,2
鮄,2
鮠,2
鯡,2
鯷,2
鳰,2
鵆,2
鵐,2
鵺,2
鷁,2
鷦,2
鷯,2
鷽,2
麑,2
麴,2
麵,2
黥,2
鼕,2
齦,2
齶,2
齷,2
龜,2
龝,2
丐,1
丰,1
丱,1
乀,1
乕,1
亂,1
亍,1
亞,1
亰,1
仭,1
伜,1
佃,1
你,1
佷,1
佾,1
侏,1
侑,1
侖,1
侘,1
俐,1
俑,1
俛,1
俶,1
俾,1
倅,1
倘,1
倜,1
倥,1
偐,1
偓,1
偬,1
傚,1
傴,1
僖,1
儉,1
儞,1
內,1
兩,1
冖,1
冩,1
冱,1
况,1
凭,1
凵,1
划,1
剄,1
剗,1
剞,1
剱,1
剳,1
剴,1
劔,1
劭,1
勞,1
匝,1
匱,1
卆,1
卐,1
卩,1
卻,1
厖,1
厠,1
厦,1
厰,1
听,1
吮,1
呀,1
呍,1
呰,1
咎,1
咐,1
咢,1
咯,1
哩,1
哮,1
唎,1
唏,1
唳,1
啅,1
啜,1
啤,1
喟,1
喱,1
嗄,1
嗉,1
嗩,1
嘈,1
噓,1
噤,1
嚀,1
嚆,1
嚊,1
嚔,1
嚠,1
嚴,1
嚶,1
囁,1
囉,1
囓,1
圀,1
圍,1
圓,1
團,1
圷,1
坅,1
坏,1
坷,1
垠,1
埆,1
埤,1
塌,1
塢,1
墅,1
墝,1
墩,1
墮,1
壒,1
壙,1
壹,1
壼,1
夊,1
复,1
够,1
夥,1
奶,1
婪,1
媧,1
嫐,1
嫗,1
嫦,1
嫺,1
嫻,1
嬥,1
嬶,1
嬾,1
孀,1
孃,1
孅,1
孒,1
孚,1
孛,1
孽,1
宀,1
尅,1
對,1
尓,1
尠,1
屆,1
岫,1
峅,1
峪,1
崑,1
崚,1
嵎,1
嶇,1
嶷,1
巋,1
巖,1
巽,1
帙,1
帶,1
幀,1
幃,1
幗,1
幵,1
廂,1
廝,1
廡,1
廢,1
廴,1
弈,1
弍,1
彀,1
彇,1
彈,1
彑,1
彔,1
彖,1
彡,1
彪,1
彽,1
徉,1
徑,1
徜,1
徧,1
徼,1
忉,1
忖,1
忝,1
怫,1
惔,1
愀,1
愎,1
愒,1
愨,1
愬,1
慂,1
慊,1
慍,1
慓,1
慘,1
慠,1
慥,1
慴,1
慼,1
憍,1
憮,1
懋,1
懴,1
戡,1
抃,1
抓,1
抬,1
拜,1
捄,1
捍,1
掀,1
掎,1
掟,1
掬,1
揩,1
搓,1
搜,1
搢,1
搩,1
搶,1
摹,1
撿,1
擔,1
擠,1
擤,1
攙,1
攝,1
攩,1
收,1
攸,1
敍,1
斫,1
旡,1
旻,1
昊,1
昶,1
昻,1
昿,1
晤,1
晳,1
暄,1
暘,1
暾,1
曵,1
朕,1
杠,1
枌,1
枴,1
枻,1
柞,1
柢,1
柮,1
柾,1
栲,1
桒,1
桕,1
桫,1
桾,1
梘,1
梻,1
梼,1
椂,1
椪,1
椶,1
椹,1
楂,1
楤,1
楪,1
楲,1
楹,1
榨,1
榲,1
榾,1
槊,1
槵,1
槹,1
樏,1
樔,1
樞,1
橉,1
橛,1
橢,1
檉,1
檍,1
檪,1
檮,1
櫑,1
櫟,1
櫧,1
櫪,1
櫱,1
櫺,1
欛,1
欸,1
欹,1
歉,1
歐,1
歛,1
步,1
歷,1
歸,1
歹,1
殄,1
殤,1
殪,1
殭,1
殱,1
殳,1
毗,1
氐,1
氤,1
汕,1
沍,1
泪,1
泫,1
洄,1
洱,1
洳,1
洵,1
洹,1
涓,1
涮,1
淇,1
淒,1
淞,1
淦,1
渤,1
湊,1
湎,1
湫,1
湮,1
湲,1
滉,1
滌,1
漳,1
潘,1
潛,1
潦,1
潯,1
潸,1
潼,1
澣,1
澪,1
濟,1
濬,1
濺,1
瀁,1
瀏,1
瀚,1
炷,1
炻,1
烝,1
煆,1
煬,1
熇,1
熬,1
熳,1
燒,1
燬,1
燹,1
爍,1
爭,1
爿,1
牋,1
犂,1
犎,1
犰,1
狆,1
狳,1
猗,1
獏,1
獐,1
獗,1
獦,1
獬,1
獱,1
獵,1
獻,1
玳,1
珎,1
珸,1
琿,1
瑇,1
璆,1
璋,1
瓤,1
甃,1
甍,1
甑,1
甦,1
畄,1
畊,1
畚,1
畛,1
畵,1
畷,1
疊,1
疍,1
疔,1
痃,1
痎,1
痧,1
痼,1
痿,1
瘁,1
瘙,1
瘠,1
瘦,1
瘧,1
瘭,1
瘰,1
癋,1
皂,1
皶,1
皹,1
皻,1
盍,1
眦,1
睇,1
睹,1
瞟,1
矇,1
矧,1
砌,1
砑,1
砿,1
硏,1
确,1
碕,1
碪,1
碯,1
碰,1
磈,1
磑,1
磠,1
磤,1
磧,1
磬,1
磴,1
礒,1
祆,1
祕,1
祟,1
祢,1
祺,1
禺,1
秕,1
穡,1
穰,1
窖,1
窻,1
窿,1
竕,1
笘,1
笞,1
笳,1
笶,1
筯,1
箜,1
篌,1
篥,1
篳,1
簏,1
簟,1
簶,1
簽,1
籏,1
籥,1
粹,1
粽,1
糀,1
糕,1
糗,1
糢,1
糫,1
糵,1
紇,1
紜,1
紲,1
紵,1
絖,1
綛,1
綮,1
緜,1
緲,1
縑,1
縕,1
縢,1
縵,1
縺,1
繦,1
繧,1
繽,1
繿,1
纍,1
纎,1
纐,1
纖,1
缸,1
罍,1
网,1
羌,1
羝,1
翆,1
翕,1
翦,1
耋,1
耜,1
耡,1
耦,1
聒,1
聰,1
聽,1
肅,1
肓,1
胖,1
胭,1
胳,1
腅,1
腥,1
腭,1
腴,1
膓,1
膕,1
膸,1
臾,1
舂,1
與,1
舖,1
舜,1
舢,1
舩,1
艀,1
艘,1
艟,1
艤,1
艨,1
芎,1
芟,1
芷,1
苒,1
苹,1
茆,1
茖,1
茛,1
荐,1
荽,1
莊,1
莓,1
莚,1
莨,1
莩,1
菇,1
菎,1
菝,1
菻,1
萁,1
萼,1
葈,1
葜,1
蒂,1
蒹,1
蒾,1
蓚,1
蓿,1
蔕,1
蔞,1
蔟,1
蕀,1
蕓,1
蕕,1
蕙,1
蕚,1
蕣,1
蕤,1
蕺,1
薏,1
薗,1
藋,1
藥,1
藦,1
蘓,1
蘘,1
蘩,1
蚉,1
蚌,1
蚜,1
蛁,1
蛔,1
蛻,1
蜍,1
蜺,1
蝀,1
蝃,1
蝘,1
蝥,1
蝪,1
蝴,1
螈,1
螠,1
蟐,1
蟟,1
蟶,1
蠁,1
蠆,1
蠶,1
衂,1
衞,1
衽,1
袮,1
裃,1
裝,1
裼,1
褫,1
襀,1
覘,1
覦,1
覬,1
覺,1
觚,1
觜,1
訖,1
詆,1
誥,1
誷,1
諏,1
諢,1
謇,1
謌,1
謐,1
謚,1
謦,1
謾,1
譁,1
譌,1
豢,1
豼,1
貊,1
貍,1
貘,1
賻,1
贍,1
贛,1
趙,1
跂,1
跆,1
跎,1
跑,1
跼,1
踈,1
踐,1
踝,1
蹋,1
蹐,1
蹕,1
蹳,1
躱,1
軆,1
軋,1
軛,1
軼,1
輅,1
輊,1
輟,1
轂,1
轣,1
辷,1
迢,1
迤,1
迥,1
迯,1
迱,1
迸,1
逋,1
逑,1
逖,1
逞,1
逹,1
遞,1
遲,1
邈,1
郢,1
酖,1
醞,1
醢,1
醪,1
醯,1
醱,1
醶,1
鈕,1
鉏,1
鉐,1
鉸,1
鋙,1
鋺,1
鍳,1
鎹,1
鏈,1
鏢,1
鐐,1
鐔,1
鐫,1
鐺,1
鑁,1
鑄,1
鑓,1
鑷,1
鑾,1
钁,1
閊,1
閧,1
闋,1
阨,1
阼,1
陌,1
陷,1
隄,1
雜,1
霎,1
霙,1
霸,1
靛,1
靨,1
靺,1
靼,1
鞳,1
鞺,1
韃,1
韆,1
韈,1
韭,1
韲,1
頏,1
顇,1
顖,1
顦,1
顬,1
顳,1
顴,1
颺,1
飃,1
飡,1
飫,1
飮,1
飳,1
餛,1
餝,1
餢,1
餤,1
餬,1
餻,1
饃,1
馘,1
駃,1
駟,1
駮,1
駻,1
騈,1
騠,1
騮,1
騸,1
驃,1
驊,1
驎,1
驒,1
驤,1
骰,1
骶,1
骼,1
髐,1
髤,1
髦,1
髮,1
髱,1
鬨,1
鬩,1
鬮,1
鬻,1
魛,1
魶,1
鮸,1
鯁,1
鯔,1
鯝,1
鯢,1
鯣,1
鰡,1
鰣,1
鰮,1
鰶,1
鰾,1
鱖,1
鱘,1
鱜,1
鱟,1
鱪,1
鱫,1
鱰,1
鱲,1
鱷,1
鱸,1
鳬,1
鳲,1
鴃,1
鴆,1
鴕,1
鵂,1
鵷,1
鶚,1
鶩,1
鶵,1
鷉,1
鷚,1
鷭,1
鷴,1
鸊,1
麈,1
麌,1
麨,1
黃,1
黏,1
鼉,1
鼴,1
鼹,1
鼺,1
齊,1
齎,1
齒,1
齔,1
齠,1
齪,1
